Título,Empresa,Descripción,Ubicación,Modo de trabajo
Backend Developer,Marlex,Girona - 12/04/2023Nueva,España,Girona
Java Developer - 100% remoto,arelance,Des de Marlex estamos buscando un Senior Backend Developer para incorporarse a una startup donde será responsables de construir y lanzar su plataforma dentro de un equipo ...GoPythonMongoDB,Girona,100% En Remoto
Ingenieros SW / Programadores Full-Stack,Dev&del,100% En Remoto - 12/04/2023Actualizada27.000€ - 45.000€ b/a,Madrid,Madrid
Programador Junior Full Stack,Invoin,"Desde Arelance, apostamos por las personas que buscan formar parte de una consultora que ofrece los mejores proyectos del ámbito de las Tecnologías de la Información a la ...javaspringbootansible",Madrid,Madrid
Full Stack Developer,Axxon Selecting,Madrid - 12/04/2023Actualizada,Madrid,100% En Remoto
FullStack  Java + HTML. Hibrido,Grupo NS,"Dev∇ somos un equipo joven, creativo y con gran entusiasmo por hacer las cosas de manera diferente. Somos unos apasionados de la tecnología, expertos en proyectos cerrados...JavaSpring BootNodeJS",Córdoba,Madrid
Desarrollador Fullstack,Page Personnel,Madrid - 12/04/2023Actualizada,Madrid,Córdoba
Programador/a Full Stack (Teletrabajo),Grupo Digital,GRUPO INVOIN precisa incorporar un desarrollador Web Full Stack para importante proyecto estable enfocado al desarrollo de software interurbano.Se requiere al menos 1 año ...nodereactsql,Valencia,Madrid
Full Stack Node.js,Page Personnel,100% En Remoto - 12/04/2023Actualizada30.000€ - 48.000€ b/a,Valencia,100% En Remoto
Programador Full Stack Developer SAP,HAYS,"AXXON selecciona FULL STACK WEB DEVELOPER para empresa tecnológica, con sedes en Barcelona y Girona. En dependencia del Project Manager, sus funciones y responsabilidades ...PHPLaravelSinfony",Zaragoza,Valencia
Senior Full Stack,HAYS,Madrid - 12/04/2023Actualizada,Madrid,Valencia
.Net Developer,Michael Page,Desde Grupo NS seleccionamos un perfil Fullstack con experiencia en las siguientes tecnologías para trabajar en modalidad híbrido en Madrid o SevillaSkills- Frontend:o...javahtmlcss,Madrid,Zaragoza
Programador Spring Boot y Angular,Alcorce Telecomunicaciones,Córdoba - 12/04/2023Actualizada,Málaga,100% En Remoto
Full stack Developer (.NET Core+Vue.js),Smartway Studio,Perfil buscado (Hombre/Mujer)Formarás parte de un equipo de trabajo como Full Stack Developer participando en el desarrollo de sus productos y servicios para todos sus ...NETC#Angular,Valencia,100% En Remoto
Desarrollador .Net con inglés,Page Personnel,Madrid - 12/04/2023Actualizada,Valencia,Madrid
Java software engineer for GNSS,GMV,"Desde Grupo Digital, buscamos incorporar un/a Programador/a Full Stack (100% Teletrabajo):Tipo de contrato: Indefinido. Estable.Ubicación: Madrid. Modalidad de trabajo...AngularSpring",Madrid,Madrid
Web Performance Manager,Michael Page,100% En Remoto - 12/04/2023Actualizada60.000€ - 80.000€ b/a,Barcelona,Málaga
Full Stack React + Node + Cloud Remoto,arelance,Perfil buscado (Hombre/Mujer)- Desarrollo de nuevos evolutivos en Node.js y Reac.js- Mejoras y reuniones continua.- Mantenimiento de los desarrollos ya existentes.• ...Node jsReact,Madrid,100% En Remoto
Técnicos .NET-SQL Server-MS Office,Saplance,Valencia - 12/04/2023Actualizada,Granada,Barcelona (zona Franca)
Full Stack Developer,Substrate AI SA,"Importante empresa final en plena expansión con sede en la zona de Valencia, busca incorporar un/a Desarrollador Full stack SAP, con conocimientos en ABAP y FIORIDentro ...SAPABAP",Barcelona,Valencia
Firmware Engineer,Dygma,Valencia - 12/04/2023Actualizada,Las Palmas De Gran Canaria,Valencia
Back End - Full Stack Engineer,People Experts,"Importante empresa final en plena expansión con sede en la zona de Valencia, busca incorporar un/a Senior Software engineer para trabajar en el desarrollo de producto propio...PythonJavaReact",La Rioja,Madrid
